{
    "textures": {
        "particle": "blocks/iron_bars",
        "cap": "blocks/iron_bars_cap",
        "side": "blocks/iron_bars"
    },
    "elements": [
        {
            "from": [ 7, 0, 7 ],
            "to": [ 9, 16, 9 ],
            "faces": {
                "down": { "uv": [ 7, 7, 9, 9 ], "texture": "#cap" },
                "up": { "uv": [ 7, 7, 9, 9 ], "texture": "#cap" },
                "north": { "uv": [ 7, 0, 9, 16 ], "texture": "#side" },
                "south": { "uv": [ 7, 0, 9, 16 ], "texture": "#side" },
                "west": { "uv": [ 7, 0, 9, 16 ], "texture": "#side" },
                "east": { "uv": [ 7, 0, 9, 16 ], "texture": "#side" }
            }
        }
    ]
}
