{
 "CraftingCopyUpgrade": true,
 "QuantumDyeRecipe": true,
 "shaped_Copper Block": true,
 "shaped_Bronze Block": true,
 "shaped_Silver Block": true,
 "shaped_Uranium Block": true,
 "shaped_Charcoal Block": true,
 "shaped_Tin Block": true,
 "shaped_Refined Iron Ingot": true,
 "shaped_Copper Ingot": true,
 "shaped_Tin Ingot": true,
 "shaped_Bronze Ingot": true,
 "shaped_Silver Ingot": true,
 "shaped_Refined Uranium Ingot": true,
 "shaped_Charcoal": true,
 "shapeless_Bronze Dust": true,
 "shaped_Jungle Wood Planks": true,
 "shapeless_Construction Foam": true,
 "shapeless_Construction Foam_1": true,
 "shapeless_Pixel Foam": true,
 "shapeless_Pixel Foam_1": true,
 "shapeless_Pixel Foam_2": true,
 "shapeless_Pixel Foam_3": true,
 "shapeless_Pixel Foam_4": true,
 "shapeless_Pixel Foam_5": true,
 "shapeless_Pixel Foam_6": true,
 "shapeless_Pixel Foam_7": true,
 "shapeless_Pixel Foam_8": true,
 "shapeless_Pixel Foam_9": true,
 "shapeless_Pixel Foam_10": true,
 "shapeless_Pixel Foam_11": true,
 "shapeless_Pixel Foam_12": true,
 "shaped_Luminator": true,
 "shapeless_Luminator (Multi Part)": true,
 "shapeless_Luminator": true,
 "shaped_Reinforced Stone": true,
 "shaped_Reinforced Glass": true,
 "shaped_Reinforced Glass_1": true,
 "shaped_Reinforced Door": true,
 "shaped_Rubber Sheet": true,
 "shaped_Scaffold": true,
 "shaped_Iron Scaffold": true,
 "shaped_Iron Fence": true,
 "shaped_Torch": true,
 "shaped_Reinforced Brick": true,
 "shaped_Cracked Reinforced Stone": true,
 "shaped_Cracked Reinforced Stone_1": true,
 "shaped_Clear Reinforced Glass": true,
 "shaped_Iridium Stone": true,
 "shapeless_Advanced Comparator": true,
 "shapeless_Redstone Comparator": true,
 "shaped_Industrial TNT": true,
 "shaped_Industrial TNT_1": true,
 "shaped_Nuke": true,
 "shaped_Rail": true,
 "shaped_Piston": true,
 "shaped_Piston_1": true,
 "shaped_Hopper": true,
 "shapeless_Sticky Piston": true,
 "shaped_Mining Pipe": true,
 "shapeless_Construction Foam Wall": true,
 "shaped_Construction Foam Wall": true,
 "shapeless_Construction Foam Wool": true,
 "shaped_Construction Foam Wool": true,
 "shaped_Ultra-Low-Current Cable": true,
 "shaped_Uninsulated Copper Cable": true,
 "shaped_Copper Cable": true,
 "shaped_Copper Cable_1": true,
 "shapeless_Copper Cable": true,
 "shaped_Bronze Cable": true,
 "shaped_Insulated Bronze Cable": true,
 "shaped_Insulated Bronze Cable_1": true,
 "shaped_2xIns. Bronze Cable": true,
 "shaped_2xIns. Bronze Cable_1": true,
 "shapeless_Insulated Bronze Cable": true,
 "shapeless_2xIns. Bronze Cable": true,
 "shapeless_2xIns. Bronze Cable_1": true,
 "shaped_Gold Cable": true,
 "shaped_Insulated Gold Cable": true,
 "shapeless_Insulated Gold Cable": true,
 "shapeless_2xIns. Gold Cable": true,
 "shapeless_2xIns. Gold Cable_1": true,
 "shaped_2xIns. Gold Cable": true,
 "shaped_HV Cable": true,
 "shaped_Insulated HV Cable": true,
 "shapeless_Insulated HV Cable": true,
 "shapeless_2xIns. HV Cable": true,
 "shapeless_2xIns. HV Cable_1": true,
 "shaped_2xIns. HV Cable": true,
 "shapeless_4xIns. HV Cable": true,
 "shapeless_4xIns. HV Cable_1": true,
 "shapeless_4xIns. HV Cable_2": true,
 "shaped_Glass Fibre Cable": true,
 "shaped_Glass Fibre Cable_1": true,
 "shaped_EU-Detector Cable": true,
 "shaped_EU-Splitter Cable": true,
 "shaped_Plasma Cable": true,
 "shaped_Generator": true,
 "shaped_Generator_1": true,
 "shaped_Geothermal Generator": true,
 "shaped_Water Mill": true,
 "shaped_Solar Panel": true,
 "shaped_Solar Panel_1": true,
 "shaped_Wind Mill": true,
 "shaped_Nuclear Reactor": true,
 "shaped_Steam Reactor": true,
 "shaped_Basic Steam Turbine": true,
 "shaped_Reactor Chamber": true,
 "shaped_Steam Reactor Chamber": true,
 "shaped_Thermal Generator": true,
 "shaped_Solar Turbine": true,
 "shaped_Liquid Fuel Generator": true,
 "shaped_Slag Generator": true,
 "shaped_Wave Generator": true,
 "shaped_Ocean Generator": true,
 "shaped_Fuel Boiler": true,
 "shaped_Low Voltage Solar Panel (LV)": true,
 "shaped_Medium Voltage Solar Panel (MV)": true,
 "shaped_High Voltage Solar Panel (HV)": true,
 "shaped_Low Voltage Water Mill (LV)": true,
 "shaped_Medium Voltage Water Mill (MV)": true,
 "shaped_High Voltage Water Mill (HV)": true,
 "shaped_Small Electric Flux Generator (LV)": true,
 "shaped_Medium Electric Flux Generator (MV)": true,
 "shaped_Medium Electric Flux Generator (MV)_1": true,
 "shaped_Big Electric Flux Generator (HV)": true,
 "shaped_Big Electric Flux Generator (HV)_1": true,
 "shaped_Machine Block": true,
 "shaped_Iron Furnace": true,
 "shaped_Iron Furnace_1": true,
 "shaped_Electric Furnace": true,
 "shaped_Macerator": true,
 "shaped_Macerator_1": true,
 "shaped_Extractor": true,
 "shaped_Compressor": true,
 "shaped_Canning Machine": true,
 "shaped_Recycler": true,
 "shaped_Electrolyzer": true,
 "shaped_Crop Scanner": true,
 "shaped_Magnetizer": true,
 "shaped_Pump": true,
 "shaped_Miner": true,
 "shaped_Crop-Matron": true,
 "shaped_Sound Beacon": true,
 "shaped_Stone Macerator": true,
 "shaped_Wood Gasificator": true,
 "shaped_Electric Wood Gasificator": true,
 "shaped_Electric Wood Gasificator_1": true,
 "shaped_Rare Earth Extractor": true,
 "shaped_Crop Library": true,
 "shaped_Machine Buffer": true,
 "shaped_Machine Tank": true,
 "shaped_Industrial Worktable": true,
 "shaped_Saw Mill": true,
 "shaped_Advanced Machine Block": true,
 "shaped_Advanced Machine Block_1": true,
 "shaped_Induction Furnace": true,
 "shaped_Rotary Macerator": true,
 "shaped_Rotary Macerator_1": true,
 "shaped_Centrifugal Extractor": true,
 "shaped_Singularity Compressor": true,
 "shaped_Vacuum Canner": true,
 "shaped_Compacting Recycler": true,
 "shaped_Charged Electrolyzer": true,
 "shaped_Ore Probe": true,
 "shaped_Tesla Coil": true,
 "shaped_Reactor Planner": true,
 "shaped_Crop Harvester": true,
 "shaped_Overclocked Pump": true,
 "shaped_Ranged Pump": true,
 "shaped_Terraformer": true,
 "shaped_Mass Fabricator": true,
 "shaped_Teleporter": true,
 "shaped_Uranium Enricher": true,
 "shaped_Electric Enchanter": true,
 "shaped_Plasmafier": true,
 "shaped_Teleporter Hub": true,
 "shaped_BatBox": true,
 "shaped_MFE": true,
 "shaped_MFE_1": true,
 "shaped_MFSU": true,
 "shaped_Battery Station": true,
 "shaped_PESU": true,
 "shaped_LV-Transformer": true,
 "shaped_MV-Transformer": true,
 "shaped_MV-Transformer_1": true,
 "shaped_HV-Transformer": true,
 "shaped_EV-Transformer": true,
 "shaped_IV-Transformer": true,
 "shaped_Adjustable-Transformer": true,
 "shaped_Static Charge Pad": true,
 "shaped_Crystalizor Charge Pad": true,
 "shaped_Lapotronic Charge Pad": true,
 "shaped_Fission Charge Pad": true,
 "shaped_Trade-O-Mat": true,
 "shaped_Fluid-O-Mat": true,
 "shaped_Energy-O-Mat": true,
 "shaped_Personal Safe": true,
 "shaped_Personal Tank": true,
 "shaped_Personal Batbox": true,
 "shaped_Personal MFE": true,
 "shaped_Personal MFSU": true,
 "shaped_Electronic Circuit": true,
 "shaped_Electronic Circuit_1": true,
 "shaped_Advanced Circuit": true,
 "shaped_Advanced Circuit_1": true,
 "shaped_Raw Carbon Fibre": true,
 "shapeless_Raw Carbon Mesh": true,
 "shaped_Coal Ball": true,
 "shaped_Coal Chunk": true,
 "shaped_Coal Chunk_1": true,
 "shaped_Coal Chunk_2": true,
 "shaped_Iron Dust": true,
 "shaped_Iron Dust_1": true,
 "shaped_Iridium Plate": true,
 "shaped_Mixed Metal Ingot": true,
 "shaped_Scrap Metal Blade": true,
 "shaped_Raw Obsidian Blade": true,
 "shaped_Turbine Blade": true,
 "shapeless_Industrial Credit": true,
 "shapeless_Industrial Credit_1": true,
 "shapeless_Industrial Credit_2": true,
 "shapeless_Industrial Credit_3": true,
 "shapeless_Industrial Credit_4": true,
 "shapeless_Industrial Credit_5": true,
 "shapeless_Industrial Credit_6": true,
 "shapeless_Industrial Credit_7": true,
 "shapeless_Industrial Credit_8": true,
 "shapeless_Industrial Credit_9": true,
 "shaped_Rubber Boat": true,
 "shapeless_Rubber Boat": true,
 "shaped_Carbon Boat": true,
 "shaped_Electric Boat": true,
 "shaped_Scrap Box": true,
 "shaped_Sticky Dynamite": true,
 "shapeless_Dynamite": true,
 "shaped_Rare Earth Chunk": true,
 "shaped_Plasma Core": true,
 "shaped_Memory Stick": true,
 "shaped_Glowstone Dust": true,
 "shaped_Gunpowder": true,
 "shaped_Bucket": true,
 "shaped_Organic Mesh": true,
 "shaped_Bio Ball": true,
 "shaped_Bio Chunk": true,
 "shaped_Empty Cell": true,
 "shaped_(Empty) Fuel Can": true,
 "shaped_Plantball": true,
 "shaped_Plantball_1": true,
 "shaped_Plantball_2": true,
 "shaped_Plantball_3": true,
 "shaped_Plantball_4": true,
 "shaped_Plantball_5": true,
 "shaped_Plantball_6": true,
 "shaped_Plantball_7": true,
 "shaped_Plantball_8": true,
 "shaped_Plantball_9": true,
 "shaped_Plantball_10": true,
 "shaped_Plantball_11": true,
 "shaped_Plantball_12": true,
 "shaped_Plantball_13": true,
 "shaped_Plantball_14": true,
 "shaped_Plantball_15": true,
 "shaped_Plantball_16": true,
 "shapeless_Hydrated Coal Dust": true,
 "shaped_Hydrated Coal Dust": true,
 "shapeless_Hydrated Charcoal Dust": true,
 "shaped_Hydrated Charcoal Dust": true,
 "shapeless_H. Coal Cell": true,
 "shapeless_Bio Cell": true,
 "shaped_Tin Can": true,
 "shapeless_Inactive Fuel Cell": true,
 "shapeless_Inactive Fuel Cell_1": true,
 "shapeless_Obsidian": true,
 "shapeless_Obsidian_1": true,
 "shapeless_Water Cell": true,
 "shapeless_Lava Cell": true,
 "shaped_Crop Sticks": true,
 "shapeless_Fertilizer": true,
 "shapeless_Fertilizer_1": true,
 "shaped_Weed-EX": true,
 "shaped_Stone Mug": true,
 "shapeless_Coffee Powder": true,
 "shapeless_Dark Coffee": true,
 "shapeless_Coffee": true,
 "shapeless_Overgrowth Fertilizer": true,
 "shapeless_Restoring Fertilizer": true,
 "shapeless_Cold Tea": true,
 "shapeless_Tea": true,
 "shapeless_Iced Tea": true,
 "shaped_Empty Booze Barrel": true,
 "shapeless_Empty Booze Barrel": true,
 "shapeless_Stone Mug": true,
 "shaped_Paper": true,
 "shapeless_String": true,
 "shapeless_Seeds": true,
 "shapeless_Pumpkin Seeds": true,
 "shapeless_Melon Seeds": true,
 "shapeless_Poppy": true,
 "shapeless_Dandelion": true,
 "shapeless_Beetroot Seeds": true,
 "shapeless_Oak Sapling": true,
 "shapeless_Spruce Sapling": true,
 "shapeless_Birch Sapling": true,
 "shapeless_Jungle Sapling": true,
 "shapeless_Acacia Sapling": true,
 "shapeless_Dark Oak Sapling": true,
 "shaped_Mining Drill": true,
 "shaped_Chainsaw": true,
 "shaped_Diamond Drill": true,
 "shaped_Diamond Drill_1": true,
 "shaped_Diamond Drill_2": true,
 "shaped_Diamond Drill_3": true,
 "shaped_Electric Hoe": true,
 "shaped_Electric Wrench": true,
 "shaped_Electric Treetap": true,
 "shapeless_Electric Treetap": true,
 "shaped_Electric Sprayer": true,
 "shaped_Mining Laser": true,
 "shaped_Nano Saber": true,
 "shaped_Obscurator": true,
 "shaped_Precision Wrench": true,
 "shaped_Precision Wrench_1": true,
 "shaped_Mowing Tool": true,
 "shaped_Portable Teleporter": true,
 "shaped_OD Scanner": true,
 "shaped_OV Scanner": true,
 "shaped_OV Scanner_1": true,
 "shaped_OV Scanner_2": true,
 "shaped_OV Scanner_3": true,
 "shaped_Ranged OD Scanner": true,
 "shaped_Ranged OD Scanner_1": true,
 "shaped_Ranged OV Scanner": true,
 "shaped_Ranged OV Scanner_1": true,
 "shapeless_Ranged OD Scanner": true,
 "shapeless_Ranged OV Scanner": true,
 "shaped_Big Ranged OD Scanner": true,
 "shaped_Big Ranged OV Scanner": true,
 "shapeless_Big Ranged OD Scanner": true,
 "shapeless_Big Ranged OV Scanner": true,
 "shaped_Low OVD Scanner": true,
 "shaped_Medium OVD Scanner": true,
 "shaped_High OVD Scanner": true,
 "shaped_Adjustable OVD Scanner": true,
 "shaped_Quarry Scanner": true,
 "shapeless_Quarry Scanner": true,
 "shapeless_Fluid Scanner": true,
 "shaped_Filtered Fluid Scanner": true,
 "shaped_Filtered Scanner": true,
 "shaped_Treetap": true,
 "shaped_Painter": true,
 "shaped_Wrench": true,
 "shaped_Insulation Cutter": true,
 "shaped_Tool Box": true,
 "shaped_Nano Tool Box": true,
 "shaped_Quantum Tool Box": true,
 "shaped_EU-Reader": true,
 "shaped_Cropnalyzer": true,
 "shaped_Dynamite-O-Mote": true,
 "shapeless_Frequency Transmitter": true,
 "shaped_CF Sprayer": true,
 "recipeRepair_Air": true,
 "shaped_Dynamite-O-Mote_1": true,
 "shaped_Machine Tool": true,
 "shaped_Thermometer": true,
 "shapeless_White Painter": true,
 "shaped_Construction Foam Wall_1": true,
 "shapeless_Construction Foam Wall_1": true,
 "shaped_Construction Foam Wool_1": true,
 "shapeless_Construction Foam Wool_1": true,
 "shapeless_Orange Painter": true,
 "shaped_Construction Foam Wall_2": true,
 "shapeless_Construction Foam Wall_2": true,
 "shaped_Construction Foam Wool_2": true,
 "shapeless_Construction Foam Wool_2": true,
 "shapeless_Magenta Painter": true,
 "shaped_Construction Foam Wall_3": true,
 "shapeless_Construction Foam Wall_3": true,
 "shaped_Construction Foam Wool_3": true,
 "shapeless_Construction Foam Wool_3": true,
 "shapeless_Light Blue Painter": true,
 "shaped_Construction Foam Wall_4": true,
 "shapeless_Construction Foam Wall_4": true,
 "shaped_Construction Foam Wool_4": true,
 "shapeless_Construction Foam Wool_4": true,
 "shapeless_Yellow Painter": true,
 "shaped_Construction Foam Wall_5": true,
 "shapeless_Construction Foam Wall_5": true,
 "shaped_Construction Foam Wool_5": true,
 "shapeless_Construction Foam Wool_5": true,
 "shapeless_Lime Painter": true,
 "shaped_Construction Foam Wall_6": true,
 "shapeless_Construction Foam Wall_6": true,
 "shaped_Construction Foam Wool_6": true,
 "shapeless_Construction Foam Wool_6": true,
 "shapeless_Pink Painter": true,
 "shaped_Construction Foam Wall_7": true,
 "shapeless_Construction Foam Wall_7": true,
 "shaped_Construction Foam Wool_7": true,
 "shapeless_Construction Foam Wool_7": true,
 "shapeless_Dark Grey Painter": true,
 "shaped_Construction Foam Wall_8": true,
 "shapeless_Construction Foam Wall_8": true,
 "shaped_Construction Foam Wool_8": true,
 "shapeless_Construction Foam Wool_8": true,
 "shapeless_Light Grey Painter": true,
 "shaped_Construction Foam Wall_9": true,
 "shapeless_Construction Foam Wall_9": true,
 "shaped_Construction Foam Wool_9": true,
 "shapeless_Construction Foam Wool_9": true,
 "shapeless_Cyan Painter": true,
 "shaped_Construction Foam Wall_10": true,
 "shapeless_Construction Foam Wall_10": true,
 "shaped_Construction Foam Wool_10": true,
 "shapeless_Construction Foam Wool_10": true,
 "shapeless_Purple Painter": true,
 "shaped_Construction Foam Wall_11": true,
 "shapeless_Construction Foam Wall_11": true,
 "shaped_Construction Foam Wool_11": true,
 "shapeless_Construction Foam Wool_11": true,
 "shapeless_Blue Painter": true,
 "shaped_Construction Foam Wall_12": true,
 "shapeless_Construction Foam Wall_12": true,
 "shaped_Construction Foam Wool_12": true,
 "shapeless_Construction Foam Wool_12": true,
 "shapeless_Brown Painter": true,
 "shaped_Construction Foam Wall_13": true,
 "shapeless_Construction Foam Wall_13": true,
 "shaped_Construction Foam Wool_13": true,
 "shapeless_Construction Foam Wool_13": true,
 "shapeless_Green Painter": true,
 "shaped_Construction Foam Wall_14": true,
 "shapeless_Construction Foam Wall_14": true,
 "shaped_Construction Foam Wool_14": true,
 "shapeless_Construction Foam Wool_14": true,
 "shapeless_Red Painter": true,
 "shaped_Construction Foam Wall_15": true,
 "shapeless_Construction Foam Wall_15": true,
 "shaped_Construction Foam Wool_15": true,
 "shapeless_Construction Foam Wool_15": true,
 "shapeless_Black Painter": true,
 "shaped_Construction Foam Wall_16": true,
 "shapeless_Construction Foam Wall_16": true,
 "shaped_Construction Foam Wool_16": true,
 "shapeless_Construction Foam Wool_16": true,
 "shaped_Bronze Pickaxe": true,
 "shaped_Bronze Axe": true,
 "shaped_Bronze Hoe": true,
 "shaped_Bronze Sword": true,
 "shaped_Bronze Shovel": true,
 "shaped_Single-Use Battery": true,
 "shaped_Single-Use Battery_1": true,
 "shaped_Single-Use Battery_2": true,
 "shaped_Single-Use Battery_3": true,
 "shaped_Single-Use Battery_4": true,
 "shaped_Single-Use Battery_5": true,
 "shaped_Single-Use Battery_6": true,
 "shaped_Single-Use Battery_7": true,
 "shaped_RE-Battery": true,
 "shaped_Energy Crystal": true,
 "shaped_Lapotron Crystal": true,
 "shaped_PESD": true,
 "shaped_Quantum Accumulator": true,
 "shaped_Big Quantum Accumulator": true,
 "shaped_TFBP - Empty": true,
 "shaped_TFBP Biome - Emtpy": true,
 "shaped_TFBP - Cultivation": true,
 "shaped_TFBP - Desertification": true,
 "shaped_TFBP - Irrigation": true,
 "shaped_TFBP - Chilling": true,
 "shaped_TFBP - Flatification": true,
 "shaped_TFBP - Mushroom": true,
 "shapeless_TFBP - Empty": true,
 "shapeless_TFBP - Empty_1": true,
 "shapeless_TFBP - Empty_2": true,
 "shapeless_TFBP - Empty_3": true,
 "shapeless_TFBP - Empty_4": true,
 "shapeless_TFBP - Empty_5": true,
 "shapeless_TFBP Biome - Cultivation": true,
 "shapeless_TFBP Biome - Desertification": true,
 "shaped_TFBP Biome - Forestification": true,
 "shapeless_TFBP Biome - Irrigation": true,
 "shapeless_TFBP Biome - Mushroom": true,
 "shaped_TFBP Biome - Undergrowth": true,
 "shapeless_TFBP Biome - Chilling": true,
 "shapeless_TFBP Biome - Emtpy": true,
 "shapeless_TFBP Biome - Emtpy_1": true,
 "shapeless_TFBP Biome - Emtpy_2": true,
 "shapeless_TFBP Biome - Emtpy_3": true,
 "shapeless_TFBP Biome - Emtpy_4": true,
 "shapeless_TFBP Biome - Emtpy_5": true,
 "shaped_Base Upgrade": true,
 "shaped_Base Upgrade_1": true,
 "shaped_Overclocker Upgrade": true,
 "shaped_Overclocker Upgrade_1": true,
 "shaped_Overclocker Upgrade_2": true,
 "shaped_Overclocker Upgrade_3": true,
 "shaped_Overclocker Upgrade_4": true,
 "shaped_Overclocker Upgrade_5": true,
 "shaped_Overclocker Upgrade_6": true,
 "shaped_Overclocker Upgrade_7": true,
 "shaped_Overclocker Upgrade_8": true,
 "shaped_Transformer Upgrade": true,
 "shaped_Transformer Upgrade_1": true,
 "shaped_Energy Storage Upgrade": true,
 "shaped_Energy Storage Upgrade_1": true,
 "shaped_Redstone Sensitivity Upgrade": true,
 "shaped_Redstone Sensitivity Upgrade_1": true,
 "shaped_Redstone Inverter Upgrade": true,
 "shaped_Redstone Inverter Upgrade_1": true,
 "shaped_Basic Import Upgrade": true,
 "shaped_Basic Import Upgrade_1": true,
 "shaped_Basic Export Upgrade": true,
 "shaped_Basic Export Upgrade_1": true,
 "shaped_Import Upgrade": true,
 "shaped_Import Upgrade_1": true,
 "shaped_Export Upgrade": true,
 "shaped_Export Upgrade_1": true,
 "shaped_RoundRobin Export Upgrade": true,
 "shaped_Muffler Upgrade": true,
 "shaped_Muffler Upgrade_1": true,
 "shaped_Mute Upgrade": true,
 "shaped_Efficency Upgrade": true,
 "shaped_Exp Collector Upgrade": true,
 "shaped_Exp Collector Upgrade_1": true,
 "shaped_Energy Storage Multiplier Upgrade": true,
 "shaped_Loudness Upgrade": true,
 "shaped_Slowness Upgrade": true,
 "shaped_Upgrade Container": true,
 "shaped_Filtered Basic Import Upgrade": true,
 "shaped_Filtered Import Upgrade": true,
 "shaped_Filtered Import Upgrade_1": true,
 "shaped_Filtered Import Upgrade_2": true,
 "shaped_Filtered Basic Export Upgrade": true,
 "shaped_Filtered Export Upgrade": true,
 "shaped_Filtered Export Upgrade_1": true,
 "shaped_Filtered Export Upgrade_2": true,
 "shaped_Basic Fluid Import Upgrade": true,
 "shaped_Basic Fluid Import Upgrade_1": true,
 "shaped_Basic Fluid Export Upgrade": true,
 "shaped_Basic Fluid Export Upgrade_1": true,
 "shaped_Fluid Import Upgrade": true,
 "shaped_Fluid Export Upgrade": true,
 "shaped_Filtered Basic Fluid Import Upgrade": true,
 "shaped_Filtered Fluid Import Upgrade": true,
 "shaped_Filtered Fluid Import Upgrade_1": true,
 "shaped_Filtered Basic Fluid Export Upgrade": true,
 "shaped_Filtered Fluid Export Upgrade": true,
 "shaped_Filtered Fluid Export Upgrade_1": true,
 "shaped_Reactor Track Upgrade": true,
 "shaped_CobbleGen Upgrade": true,
 "shaped_CobbleGen Upgrade_1": true,
 "shaped_Crafting Upgrade": true,
 "shaped_Quantum Overclocker Upgrade": true,
 "shaped_Efficient Sawblade Upgrade": true,
 "shapeless_Efficient Sawblade Upgrade": true,
 "shaped_Durable Sawblade Upgrade": true,
 "shapeless_Durable Sawblade Upgrade": true,
 "shaped_Proximity Booster Module": true,
 "shaped_Wide-Band Booster Module": true,
 "shaped_Armour Priority Module": true,
 "shaped_Basic Field Expansion Module": true,
 "shaped_Field Expansion Module": true,
 "shaped_Advanced Field Expansion Module": true,
 "shaped_Damage Conversion Module": true,
 "shaped_Drain Conversion Module": true,
 "shaped_Crystalizor Upgrade Kit": true,
 "shaped_MFS Unit Upgrade Kit": true,
 "shaped_MFS Unit Upgrade Kit_1": true,
 "shaped_Lapotronic Upgrade Kit": true,
 "shaped_Fission Upgrade Kit": true,
 "shaped_Automation Upgrade": true,
 "shaped_Machine Access Upgrade": true,
 "shaped_Rotation Disabler Upgrade": true,
 "shapeless_SlotType Upgrade": true,
 "shaped_Slot Access Upgrade": true,
 "shapeless_Slot Side Upgrade": true,
 "shaped_Redstone Deconductor Upgrade": true,
 "shaped_Slot Diversity Upgrade": true,
 "shaped_Stack Diversity Upgrade": true,
 "shapeless_Item Limiter Upgrade": true,
 "shapeless_Stack Limiter Upgrade": true,
 "shaped_Composite Vest": true,
 "shaped_Composite Vest_1": true,
 "shaped_Composite Boots": true,
 "shaped_Composite Boots_1": true,
 "shaped_Composite Helmet": true,
 "shaped_Composite Helmet_1": true,
 "shaped_Composite Pants": true,
 "shaped_Composite Pants_1": true,
 "shaped_Bronze Helmet": true,
 "shaped_Bronze Chestplate": true,
 "shaped_Bronze Leggings": true,
 "shaped_Bronze Boots": true,
 "shaped_NanoSuit Helmet": true,
 "shaped_NanoSuit Bodyarmor": true,
 "shaped_NanoSuit Leggings": true,
 "shaped_NanoSuit Boots": true,
 "shaped_QuantumSuit Helmet": true,
 "shaped_QuantumSuit Bodyarmor": true,
 "shaped_QuantumSuit Leggings": true,
 "shaped_QuantumSuit Boots": true,
 "shaped_QuantumSuit BodyJetplate": true,
 "shaped_Nuclear QuantumSuit BodyJetplate": true,
 "shaped_Nightvision Goggles": true,
 "shapeless_QuantumSuit Helmet": true,
 "shapeless_QuantumSuit Helmet_1": true,
 "shapeless_QuantumSuit Helmet_2": true,
 "shapeless_NanoSuit Helmet": true,
 "shapeless_NanoSuit Helmet_1": true,
 "shapeless_NanoSuit Helmet_2": true,
 "shaped_Scuba Helmet": true,
 "shaped_Hazmat Suit": true,
 "shaped_Hazmat Suit Leggings": true,
 "shaped_Rubber Boots": true,
 "shaped_Bronze Shield": true,
 "shaped_Plated Shield": true,
 "shaped_Nano Shield": true,
 "shaped_Industrial Belt": true,
 "shapeless_RE-Battery": true,
 "shaped_BatPack": true,
 "shaped_Lappack": true,
 "shaped_Quantum Pack": true,
 "shaped_CF Backpack": true,
 "shaped_Solar Helmet": true,
 "shaped_Solar Helmet_1": true,
 "shaped_Advanced Solar Helmet": true,
 "shaped_Static Boots": true,
 "shaped_Static Boots_1": true,
 "shaped_Jetpack": true,
 "shaped_Electric Jetpack": true,
 "shaped_Nuclear Jetpack": true,
 "shaped_Compacted Nuclear Jetpack": true,
 "shaped_Compacted Jetpack": true,
 "shaped_Compacted Nuclear Jetpack_1": true,
 "shapeless_Electric Jetpack": true,
 "shapeless_Electric Jetpack_1": true,
 "shapeless_Electric Jetpack_2": true,
 "shapeless_Electric Jetpack_3": true,
 "shapeless_Electric Jetpack_4": true,
 "shapeless_Electric Jetpack_5": true,
 "shapeless_Nuclear Jetpack": true,
 "shapeless_Nuclear Jetpack_1": true,
 "shapeless_Nuclear Jetpack_2": true,
 "shapeless_Nuclear Jetpack_3": true,
 "shapeless_Nuclear Jetpack_4": true,
 "shapeless_Nuclear Jetpack_5": true,
 "shapeless_Compacted Jetpack": true,
 "shapeless_Compacted Jetpack_1": true,
 "shapeless_Compacted Jetpack_2": true,
 "shapeless_Compacted Jetpack_3": true,
 "shapeless_Compacted Jetpack_4": true,
 "shapeless_Compacted Jetpack_5": true,
 "shapeless_Compacted Nuclear Jetpack": true,
 "shapeless_Compacted Nuclear Jetpack_1": true,
 "shapeless_Compacted Nuclear Jetpack_2": true,
 "shapeless_Compacted Nuclear Jetpack_3": true,
 "shapeless_Compacted Nuclear Jetpack_4": true,
 "shapeless_Compacted Nuclear Jetpack_5": true,
 "shaped_Cobblestone": true,
 "shaped_Stone": true,
 "shaped_Glass": true,
 "shaped_Grass Block": true,
 "shaped_Oak Wood": true,
 "shaped_Spruce Wood": true,
 "shaped_Birch Wood": true,
 "shaped_Jungle Wood": true,
 "shaped_Acacia Wood": true,
 "shaped_Dark Oak Wood": true,
 "shaped_Dirt": true,
 "shaped_Sponge": true,
 "shaped_End Stone": true,
 "shaped_Moss Stone": true,
 "shaped_Sandstone": true,
 "shaped_Red Sandstone": true,
 "shaped_Snow": true,
 "shaped_Water": true,
 "shaped_Lava": true,
 "shaped_Iron Ore": true,
 "shaped_Gold Ore": true,
 "shaped_Obsidian": true,
 "shaped_Netherrack": true,
 "shaped_Nether Wart": true,
 "shaped_Glowstone": true,
 "shaped_Cactus": true,
 "shaped_Vines": true,
 "shaped_Chorus Fruit": true,
 "shaped_White Wool": true,
 "shaped_Coal": true,
 "shaped_Diamond": true,
 "shaped_Emerald": true,
 "shaped_Redstone": true,
 "shaped_Nether Quartz": true,
 "shaped_Lapis Lazuli": true,
 "shaped_Feather": true,
 "shaped_Leather": true,
 "shaped_Snowball": true,
 "shaped_Gunpowder_1": true,
 "shaped_Ender Pearl": true,
 "shaped_Clay": true,
 "shaped_Blaze Rod": true,
 "shaped_Prismarine Crystals": true,
 "shaped_Prismarine Shard": true,
 "shaped_Cocoa Beans": true,
 "shaped_Ink Sac": true,
 "shaped_Sugar Canes": true,
 "shaped_Flint": true,
 "shaped_Bone": true,
 "shaped_Sticky Resin": true,
 "shaped_Iridium Ore": true,
 "shaped_Mycelium": true,
 "shaped_Chiseled Stone Bricks": true,
 "shaped_Copper Ore": true,
 "shaped_Tin Ore": true,
 "shaped_Silver Ore": true,
 "shaped_Elytra": true,
 "shaped_Near-depleted Uranium Cell": true,
 "shapeless_Depleted Isotope Cell": true,
 "shapeless_Depleted Isotope Cell_1": true,
 "shapeless_Uranium Cell": true,
 "shapeless_Uranium Cell_1": true,
 "shaped_Dual Uranium Cell": true,
 "shaped_Quad Uranium Cell": true,
 "shaped_Quad Uranium Cell_1": true,
 "shapeless_Uranium Cell_2": true,
 "shaped_Near-depleted Redstone Uranium Cell": true,
 "shapeless_Depleted Redstone Isotope Cell": true,
 "shapeless_Depleted Redstone Isotope Cell_1": true,
 "shapeless_Redstone Enriched Uranium Cell": true,
 "shapeless_Redstone Enriched Uranium Cell_1": true,
 "shaped_Redstone Enriched Dual Uranium Cell": true,
 "shaped_Redstone Enriched Quad Uranium Cell": true,
 "shaped_Redstone Enriched Quad Uranium Cell_1": true,
 "shapeless_Redstone Enriched Uranium Cell_2": true,
 "shaped_Near-depleted Blaze Uranium Cell": true,
 "shapeless_Depleted Blaze Isotope Cell": true,
 "shapeless_Depleted Blaze Isotope Cell_1": true,
 "shapeless_Blaze Enriched Uranium Cell": true,
 "shapeless_Blaze Enriched Uranium Cell_1": true,
 "shaped_Blaze Enriched Dual Uranium Cell": true,
 "shaped_Blaze Enriched Quad Uranium Cell": true,
 "shaped_Blaze Enriched Quad Uranium Cell_1": true,
 "shapeless_Blaze Enriched Uranium Cell_2": true,
 "shaped_Near-depleted EnderPearl Uranium Cell": true,
 "shapeless_Depleted EnderPearl Isotope Cell": true,
 "shapeless_Depleted EnderPearl Isotope Cell_1": true,
 "shapeless_EnderPearl Enriched Uranium Cell": true,
 "shapeless_EnderPearl Enriched Uranium Cell_1": true,
 "shaped_EnderPearl Enriched Dual Uranium Cell": true,
 "shaped_EnderPearl Enriched Quad Uranium Cell": true,
 "shaped_EnderPearl Enriched Quad Uranium Cell_1": true,
 "shapeless_EnderPearl Enriched Uranium Cell_2": true,
 "shaped_Near-depleted NetherStar Uranium Cell": true,
 "shapeless_Depleted NetherStar Isotope Cell": true,
 "shapeless_Depleted NetherStar Isotope Cell_1": true,
 "shapeless_NetherStar Enriched Uranium Cell": true,
 "shapeless_NetherStar Enriched Uranium Cell_1": true,
 "shaped_NetherStar Enriched Dual Uranium Cell": true,
 "shaped_NetherStar Enriched Quad Uranium Cell": true,
 "shaped_NetherStar Enriched Quad Uranium Cell_1": true,
 "shapeless_NetherStar Enriched Uranium Cell_2": true,
 "shaped_Near-depleted Charcoal Uranium Cell": true,
 "shapeless_Depleted Charcoal Isotope Cell": true,
 "shapeless_Depleted Charcoal Isotope Cell_1": true,
 "shapeless_Charcoal Enriched Uranium Cell": true,
 "shapeless_Charcoal Enriched Uranium Cell_1": true,
 "shaped_Charcoal Enriched Dual Uranium Cell": true,
 "shaped_Charcoal Enriched Quad Uranium Cell": true,
 "shaped_Charcoal Enriched Quad Uranium Cell_1": true,
 "shapeless_Charcoal Enriched Uranium Cell_2": true,
 "shaped_10k Coolant Cell": true,
 "shaped_30k Coolant Cell": true,
 "shaped_30k Coolant Cell_1": true,
 "shaped_60k Coolant Cell": true,
 "shapeless_Reactor Plating": true,
 "shapeless_Heat-Capacity Reactor Plating": true,
 "shapeless_Containment Reactor Plating": true,
 "shaped_Neutron Reflector": true,
 "shaped_Neutron Reflector_1": true,
 "shaped_Thick Neutron Reflector": true,
 "shaped_Iridium Neutron Reflector": true,
 "recipeRepair_Air_1": true,
 "recipeRepair_Air_2": true,
 "shaped_Component Heat Vent": true,
 "shaped_Heating Cell": true,
 "shaped_RSH-Condensator": true,
 "shaped_LZH-Condensator": true,
 "recipeRepair_Air_3": true,
 "recipeRepair_Air_4": true,
 "recipeRepair_Air_5": true,
 "shaped_Heat Exchanger": true,
 "shaped_Reactor Heat Exchanger": true,
 "shaped_Component Heat Exchanger": true,
 "shaped_Advanced Heat Exchanger": true,
 "shaped_Heat Vent": true,
 "shaped_Reactor Heat Vent": true,
 "shaped_Overclocked Heat Vent": true,
 "shaped_Advanced Heat Vent": true,
 "shaped_Steam Vent": true,
 "shaped_Reactor Steam Vent": true,
 "shaped_Reactor Steam Vent_1": true,
 "shaped_Overclocked Steam Vent": true,
 "shaped_Overclocked Steam Vent_1": true,
 "shaped_Advanced Steam Vent": true,
 "shaped_Advanced Steam Vent_1": true,
 "shapeless_Heat Vent": true,
 "shapeless_Reactor Heat Vent": true,
 "shapeless_Overclocked Heat Vent": true,
 "shapeless_Advanced Heat Vent": true,
 "shaped_Electric Heat Vent": true,
 "shaped_Electric Reactor Heat Vent": true,
 "shaped_Electric Overclocked Heat Vent": true,
 "shaped_Electric Advanced Heat Vent": true,
 "shapeless_Heat Vent_1": true,
 "shapeless_Reactor Heat Vent_1": true,
 "shapeless_Overclocked Heat Vent_1": true,
 "shapeless_Advanced Heat Vent_1": true,
 "shaped_Oak Wood Planks": true,
 "shaped_Oak Wood Planks_1": true,
 "shaped_Spruce Wood Planks": true,
 "shaped_Spruce Wood Planks_1": true,
 "shaped_Birch Wood Planks": true,
 "shaped_Birch Wood Planks_1": true,
 "shaped_Jungle Wood Planks_1": true,
 "shaped_Jungle Wood Planks_2": true,
 "shaped_Acacia Wood Planks": true,
 "shaped_Acacia Wood Planks_1": true,
 "shaped_Dark Oak Wood Planks": true,
 "shaped_Dark Oak Wood Planks_1": true,
 "shaped_Sticky Piston": true,
 "shaped_Lead": true
}