{
 "macerator": {
  "Coal Dust": true,
  "Charcoal Dust": true,
  "Coal Dust_1": true,
  "Coal Dust_2": true,
  "Iron Dust": true,
  "Iron Dust_1": true,
  "Iron Dust_2": true,
  "Gold Dust": true,
  "Gold Dust_1": true,
  "Redstone": true,
  "Silver Dust": true,
  "Silver Dust_1": true,
  "Copper Dust": true,
  "Bronze Dust": true,
  "Copper Dust_1": true,
  "Tin Dust": true,
  "Tin Dust_1": true,
  "Netherrack Dust": true,
  "Nether Quartz": true,
  "Uranium Ore": true,
  "Charcoal Dust_1": true,
  "Blaze Powder": true,
  "Grin Powder": true,
  "Grin Powder_1": true,
  "Grin Powder_2": true,
  "String": true,
  "Gravel": true,
  "Sand": true,
  "Sand_1": true,
  "Red Sand": true,
  "Snowball": true,
  "Clay Dust": true,
  "Glowstone Dust": true,
  "Bone Meal": true,
  "Dirt": true,
  "Coffee Powder": true,
  "Obsidian Dust": true,
  "Flour": true,
  "Raw Bio Fiber": true,
  "Nikolite": true,
  "Electrotine": true,
  "Nikolite_1": true
 },
 "extractor": {
  "Coal": true,
  "Lapis Lazuli": true,
  "Diamond": true,
  "Emerald": true,
  "Rubber": true,
  "Rubber_1": true,
  "Rubber_2": true,
  "Nether Quartz": true,
  "Flint": true,
  "Dynamite": true,
  "Biofuel Cell": true,
  "Biofuel Cell_1": true,
  "Coalfuel Cell": true,
  "Hydration Cell": true,
  "ScrapboxUnpacking": true,
  "Dandelion Yellow": true,
  "Rose Red": true,
  "Light Blue Dye": true,
  "Magenta Dye": true,
  "Light Gray Dye": true,
  "Rose Red_1": true,
  "Orange Dye": true,
  "Light Gray Dye_1": true,
  "Pink Dye": true,
  "Light Gray Dye_2": true,
  "Dandelion Yellow_1": true,
  "Magenta Dye_1": true,
  "Rose Red_2": true,
  "Pink Dye_1": true,
  "Rose Red_3": true
 },
 "compressor": {
  "Sandstone": true,
  "Red Sandstone": true,
  "Nether Brick": true,
  "Ice": true,
  "Packed Ice": true,
  "Blaze Rod": true,
  "Snowball": true,
  "Refined Uranium Ingot": true,
  "Dense Copper Plate": true,
  "Compressed Plants": true,
  "H. Coal": true,
  "H. Coal_1": true,
  "Compressed Air Cell": true,
  "Compressed Bio Ball": true,
  "Mining Pipe": true,
  "Dead Magnet": true,
  "Carbon Plate": true,
  "Compressed Coal Ball": true,
  "Industrial Diamond": true,
  "Scrap Metal Chunk": true,
  "Obsidian Blade": true,
  "Advanced Alloy": true,
  "CF Pellet": true,
  "?r?bHigh Quality Hemp Oil": true,
  "pipeSealant": true,
  "?r?bHigh Quality Hemp Oil": true,
  "�r�bHigh Quality Hemp Oil": true
 },
 "massfabricatorAmplifier": {
  "ScrapAmplifier": true,
  "ScrapboxAmplifier": true,
  "ScrapMetalAmplifier": true
 },
 "electrolyzer": {
  "ElectrolyizingWater": true,
  "Magnetizing": true
 },
 "recycler": {
  "compostingFlesh": true,
  "horserArmorRecyclingIron": true,
  "horserArmorRecyclingGold": true,
  "horserArmorRecyclingDiamond": true,
  "minecartRecycling": true,
  "axeReyclingdiamond": true,
  "pickaxeReyclingdiamond": true,
  "shovelReyclingdiamond": true,
  "hoeReyclingdiamond": true,
  "swordReyclingdiamond": true,
  "helmetReyclingdiamond": true,
  "chestplateReyclingdiamond": true,
  "leggingsReyclingdiamond": true,
  "bootsReyclingdiamond": true,
  "axeReyclingiron": true,
  "pickaxeReyclingiron": true,
  "shovelReyclingiron": true,
  "hoeReyclingiron": true,
  "swordReyclingiron": true,
  "helmetReyclingiron": true,
  "chestplateReyclingiron": true,
  "leggingsReyclingiron": true,
  "bootsReyclingiron": true,
  "axeReyclinggold": true,
  "pickaxeReyclinggold": true,
  "shovelReyclinggold": true,
  "hoeReyclinggold": true,
  "swordReyclinggold": true,
  "helmetReyclinggold": true,
  "chestplateReyclinggold": true,
  "leggingsReyclinggold": true,
  "bootsReyclinggold": true,
  "axeScrappingiron": true,
  "pickaxeScrappingiron": true,
  "shovelScrappingiron": true,
  "hoeScrappingiron": true,
  "swordScrappingiron": true,
  "helmetScrappingiron": true,
  "chestplateScrappingiron": true,
  "leggingsScrappingiron": true,
  "bootsScrappingiron": true,
  "axeScrappinggold": true,
  "pickaxeScrappinggold": true,
  "shovelScrappinggold": true,
  "hoeScrappinggold": true,
  "swordScrappinggold": true,
  "helmetScrappinggold": true,
  "chestplateScrappinggold": true,
  "leggingsScrappinggold": true,
  "bootsScrappinggold": true,
  "leatherReworkingBoots": true,
  "leatherReworkingLeggings": true,
  "leatherReworkingChest": true,
  "leatherReworkingHelmet": true,
  "RareEarthRycling": true,
  "ingotRecycling_ingotIron": true,
  "ingotRecycling_ingotGold": true,
  "ingotRecycling_ingotBronze": true,
  "ingotRecycling_ingotCopper": true,
  "ingotRecycling_ingotRefinedIron": true,
  "ingotRecycling_ingotTin": true,
  "ingotRecycling_ingotUranium": true,
  "ingotRecycling_ingotSilver": true,
  "ingotRecycling_ingotEnrichedUranium": true,
  "ingotRecycling_ingotBlueAlloy": true,
  "ingotRecycling_ingotRedAlloy": true,
  "ingotRecycling_ingotBrass": true,
  "ingotRecycling_ingotElectrotineAlloy": true
 },
 "sawmill": {
  "Oak Wood Planks": true,
  "Spruce Wood Planks": true,
  "Birch Wood Planks": true,
  "Jungle Wood Planks": true,
  "Acacia Wood Planks": true,
  "Dark Oak Wood Planks": true,
  "Larch Wood Planks": true,
  "Teak Wood Planks": true,
  "Desert Acacia Wood Planks": true,
  "Lime Wood Planks": true,
  "Chestnut Wood Planks": true,
  "Wenge Wood Planks": true,
  "Baobab Wood Planks": true,
  "Sequoia Wood Planks": true,
  "Kapok Wood Planks": true,
  "Ebony Wood Planks": true,
  "Mahogany Wood Planks": true,
  "Balsa Wood Planks": true,
  "Willow Wood Planks": true,
  "Walnut Wood Planks": true,
  "Greenheart Wood Planks": true,
  "Cherry Wood Planks": true,
  "Mahoe Wood Planks": true,
  "Poplar Wood Planks": true,
  "Palm Wood Planks": true,
  "Papaya Wood Planks": true,
  "Pine Wood Planks": true,
  "Plum Wood Planks": true,
  "Maple Wood Planks": true,
  "Citrus Wood Planks": true,
  "Giant Sequoia Wood Planks": true,
  "Ipe Wood Planks": true,
  "Padauk Wood Planks": true,
  "Cocobolo Wood Planks": true,
  "Zebrawood Wood Planks": true,
  "Larch Wood Planks (Fireproof)": true,
  "Teak Wood Planks (Fireproof)": true,
  "Lime Wood Planks (Fireproof)": true,
  "Chestnut Wood Planks (Fireproof)": true,
  "Wenge Wood Planks (Fireproof)": true,
  "Baobab Wood Planks (Fireproof)": true,
  "Sequoia Wood Planks (Fireproof)": true,
  "Kapok Wood Planks (Fireproof)": true,
  "Ebony Wood Planks (Fireproof)": true,
  "Mahogany Wood Planks (Fireproof)": true,
  "Balsa Wood Planks (Fireproof)": true,
  "Willow Wood Planks (Fireproof)": true,
  "Walnut Wood Planks (Fireproof)": true,
  "Greenheart Wood Planks (Fireproof)": true,
  "Cherry Wood Planks (Fireproof)": true,
  "Mahoe Wood Planks (Fireproof)": true,
  "Poplar Wood Planks (Fireproof)": true,
  "Palm Wood Planks (Fireproof)": true,
  "Papaya Wood Planks (Fireproof)": true,
  "Pine Wood Planks (Fireproof)": true,
  "Plum Wood Planks (Fireproof)": true,
  "Maple Wood Planks (Fireproof)": true,
  "Citrus Wood Planks (Fireproof)": true,
  "Giant Sequoia Wood Planks (Fireproof)": true,
  "Ipe Wood Planks (Fireproof)": true,
  "Padauk Wood Planks (Fireproof)": true,
  "Cocobolo Wood Planks (Fireproof)": true,
  "Zebrawood Wood Planks (Fireproof)": true,
  "Oak Wood Planks (Fireproof)": true,
  "Spruce Wood Planks (Fireproof)": true,
  "Birch Wood Planks (Fireproof)": true,
  "Jungle Wood Planks (Fireproof)": true,
  "Acacia Wood Planks (Fireproof)": true,
  "Dark Oak Wood Planks (Fireproof)": true,
  "Oak Wood Planks_To_Sticks": true,
  "Spruce Wood Planks_To_Sticks": true,
  "Birch Wood Planks_To_Sticks": true,
  "Jungle Wood Planks_To_Sticks": true,
  "Acacia Wood Planks_To_Sticks": true,
  "Dark Oak Wood Planks_To_Sticks": true,
  "Larch Wood Planks_To_Sticks": true,
  "Teak Wood Planks_To_Sticks": true,
  "Desert Acacia Wood Planks_To_Sticks": true,
  "Lime Wood Planks_To_Sticks": true,
  "Chestnut Wood Planks_To_Sticks": true,
  "Wenge Wood Planks_To_Sticks": true,
  "Baobab Wood Planks_To_Sticks": true,
  "Sequoia Wood Planks_To_Sticks": true,
  "Kapok Wood Planks_To_Sticks": true,
  "Ebony Wood Planks_To_Sticks": true,
  "Mahogany Wood Planks_To_Sticks": true,
  "Balsa Wood Planks_To_Sticks": true,
  "Willow Wood Planks_To_Sticks": true,
  "Walnut Wood Planks_To_Sticks": true,
  "Greenheart Wood Planks_To_Sticks": true,
  "Cherry Wood Planks_To_Sticks": true,
  "Mahoe Wood Planks_To_Sticks": true,
  "Poplar Wood Planks_To_Sticks": true,
  "Palm Wood Planks_To_Sticks": true,
  "Papaya Wood Planks_To_Sticks": true,
  "Pine Wood Planks_To_Sticks": true,
  "Plum Wood Planks_To_Sticks": true,
  "Maple Wood Planks_To_Sticks": true,
  "Citrus Wood Planks_To_Sticks": true,
  "Giant Sequoia Wood Planks_To_Sticks": true,
  "Ipe Wood Planks_To_Sticks": true,
  "Padauk Wood Planks_To_Sticks": true,
  "Cocobolo Wood Planks_To_Sticks": true,
  "Zebrawood Wood Planks_To_Sticks": true,
  "Larch Wood Planks (Fireproof)_To_Sticks": true,
  "Teak Wood Planks (Fireproof)_To_Sticks": true,
  "Lime Wood Planks (Fireproof)_To_Sticks": true,
  "Chestnut Wood Planks (Fireproof)_To_Sticks": true,
  "Wenge Wood Planks (Fireproof)_To_Sticks": true,
  "Baobab Wood Planks (Fireproof)_To_Sticks": true,
  "Sequoia Wood Planks (Fireproof)_To_Sticks": true,
  "Kapok Wood Planks (Fireproof)_To_Sticks": true,
  "Ebony Wood Planks (Fireproof)_To_Sticks": true,
  "Mahogany Wood Planks (Fireproof)_To_Sticks": true,
  "Balsa Wood Planks (Fireproof)_To_Sticks": true,
  "Willow Wood Planks (Fireproof)_To_Sticks": true,
  "Walnut Wood Planks (Fireproof)_To_Sticks": true,
  "Greenheart Wood Planks (Fireproof)_To_Sticks": true,
  "Cherry Wood Planks (Fireproof)_To_Sticks": true,
  "Mahoe Wood Planks (Fireproof)_To_Sticks": true,
  "Poplar Wood Planks (Fireproof)_To_Sticks": true,
  "Palm Wood Planks (Fireproof)_To_Sticks": true,
  "Papaya Wood Planks (Fireproof)_To_Sticks": true,
  "Pine Wood Planks (Fireproof)_To_Sticks": true,
  "Plum Wood Planks (Fireproof)_To_Sticks": true,
  "Maple Wood Planks (Fireproof)_To_Sticks": true,
  "Citrus Wood Planks (Fireproof)_To_Sticks": true,
  "Giant Sequoia Wood Planks (Fireproof)_To_Sticks": true,
  "Ipe Wood Planks (Fireproof)_To_Sticks": true,
  "Padauk Wood Planks (Fireproof)_To_Sticks": true,
  "Cocobolo Wood Planks (Fireproof)_To_Sticks": true,
  "Zebrawood Wood Planks (Fireproof)_To_Sticks": true,
  "Oak Wood Planks (Fireproof)_To_Sticks": true,
  "Spruce Wood Planks (Fireproof)_To_Sticks": true,
  "Birch Wood Planks (Fireproof)_To_Sticks": true,
  "Jungle Wood Planks (Fireproof)_To_Sticks": true,
  "Acacia Wood Planks (Fireproof)_To_Sticks": true,
  "Dark Oak Wood Planks (Fireproof)_To_Sticks": true,
  "Jungle Wood": true,
  "Melon": true
 }
}