{"stat.useItem.minecraft.end_bricks":1,"stat.drop.forestry.rainmaker":1,"stat.leaveGame":26,"stat.drop.minecraft.gunpowder":5,"stat.useItem.teckle.tube.item":27,"stat.craftItem.microblockcbe.microblock":71,"stat.drop.forestry.refractory":64,"stat.drop.projectred-transmission.framed_wire":129,"stat.drop.projecte.item.pe_gem_armor_2":1,"stat.drop.projecte.item.pe_gem_armor_3":1,"stat.drop.projecte.item.pe_gem_armor_0":1,"stat.drop.projecte.item.pe_gem_armor_1":1,"stat.useItem.minecraft.planks":1,"stat.drop.projecte.item.pe_rm_morning_star":1,"stat.drop.projecte.rm_furnace":1,"stat.pickup.projectred-exploration.barrel":1,"stat.pickup.enderstorage.ender_storage":1,"stat.pickup.questutils.pedestal":12,"stat.pickup.minecraft.splash_potion":2,"stat.drop.minecraft.splash_potion":10,"stat.pickup.teckle.transposer":1,"stat.pickup.forestry.bee_queen_ge":12,"stat.drop.forestry.farm_gourd":1,"stat.drop.projecte.item.pe_mind_stone":1,"stat.drop.buildcraftlib.guide":1,"stat.drop.enderstorage.ender_pouch":6,"stat.drop.projecte.item.pe_time_watch":1,"stat.pickup.projectred-core.resource_item":3,"stat.drop.buildcrafttransport.pipe_wood_item":2,"stat.drop.minecraft.gravel":2,"stat.pickup.projectred-exploration.stone":2,"stat.drop.buildcrafttransport.pipe_wood_power":1,"stat.useItem.projectred-exploration.stone":64,"stat.pickup.buildcrafttransport.pipe_gold_item":1,"stat.useItem.projectred-expansion.machine2":1,"stat.drop.buildcrafttransport.pipe_void_item":1,"stat.useItem.buildcrafttransport.pipe_cobble_item":4,"stat.pickup.projectred-transmission.framed_wire":576,"stat.useItem.ftbquests.screen":1,"stat.drop.ic2.cable":2,"stat.pickup.projecte.interdiction_torch":13,"stat.pickup.minecraft.pumpkin_seeds":1,"stat.pickup.forestry.bee_princess_ge":18,"stat.useItem.minecraft.lingering_potion":1,"stat.mineBlock.minecraft.oak_stairs":1,"stat.pickup.ironchest.iron_chest":1,"stat.drop.projectred-transmission.wire":1,"stat.pickup.minecraft.lever":3,"stat.deaths":6,"stat.playOneMinute":1198790,"stat.pickup.questutils.controlkey":7,"stat.drop.logisticspipes.pipe_request":128,"stat.drop.projectred-transportation.pipe":1,"stat.pickup.buildcrafttransport.pipe_wood_power":1,"stat.chestOpened":57,"stat.drop.projectred-integration.gate":2,"stat.useItem.ic2.cable":58,"stat.useItem.minecraft.stone":1,"stat.pickup.minecraft.arrow":1,"stat.useItem.teckle.beamquarry":1,"stat.pickup.projectred-integration.gate":4,"stat.drop.contenttweaker.ic2_power":1,"stat.useItem.minecraft.quartz_ore":1,"stat.drop.projecte.interdiction_torch":2,"stat.drop.forestry.apiary":1,"stat.useItem.retrocomputers.ribbon_cable":1,"stat.crouchOneCm":200148,"stat.drop.projecte.item.pe_tome":1,"stat.useItem.microblockcbe.microblock":1082,"stat.craftingTableInteraction":17,"stat.drop.microblockcbe.microblock":3,"stat.dropperInspected":5,"stat.drop.forestry.arboretum":1,"stat.pickup.wrcbe.material":1,"stat.pickup.minecraft.dye":1,"stat.pickup.projecte.item.pe_transmutation_tablet":1,"stat.useItem.minecraft.wool":1,"stat.useItem.portalgun.item_portalgun":1,"stat.pickup.ic2.single_use_battery":66,"stat.useItem.minecraft.log":2,"stat.useItem.minecraft.cobblestone":1,"stat.drop.ironchest.iron_chest":2,"stat.useItem.minecraft.gravel":1,"stat.useItem.projectred-transmission.framed_wire":270,"stat.drop.projectred-expansion.machine2":1,"stat.drop.buildcrafttransport.pipe_gold_item":2,"stat.drop.projecte.item.pe_mercurial_eye":1,"stat.pickup.minecraft.log":1,"stat.drop.minecraft.sign":2,"stat.pickup.minecraft.bedrock":21,"stat.drop.teckle.transposer":1,"stat.useItem.ftbquests.progress_screen":1,"stat.useItem.teckle.filter":3,"stat.drop.buildcraftbuilders.quarry":1,"stat.sneakTime":73381,"stat.drop.projecte.item.pe_soul_stone":1,"stat.drop.ftbquests.book":13,"stat.pickup.minecraft.bone":1,"stat.mineBlock.questutils.pedestal":1,"stat.pickup.minecraft.redstone_torch":1,"stat.useItem.buildcrafttransport.pipe_gold_item":3,"stat.pickup.enderstorage.ender_pouch":6,"stat.drop.forestry.engine_biogas":3,"stat.climbOneCm":1072,"stat.pickup.forestry.beehives":8893,"stat.enderchestOpened":1,"stat.useItem.minecraft.stone_slab2":3864,"stat.drop.projecte.alchemical_chest":1,"stat.drop.forestry.engine_electrical":1,"stat.drop.projectred-core.resource_item":1,"stat.useItem.projectred-transportation.pipe":26,"stat.pickup.minecraft.anvil":6,"stat.drop.projecte.item.pe_evertide_amulet":1,"stat.flyOneCm":2134120,"stat.drop.logisticspipes.pipe_chassis_mk5":64,"stat.pickup.minecraft.dragon_egg":3,"stat.timeSinceDeath":257867,"stat.useItem.minecraft.sign":22,"stat.pickup.projectred-illumination.cage_lamp":5,"stat.pickup.projectred-expansion.machine2":2,"stat.pickup.advanced_machines.machines":1,"stat.pickup.projectred-transmission.wire":51,"stat.useItem.minecraft.lever":6,"stat.pickup.buildcraftcore.engine":1,"stat.useItem.projectred-transmission.wire":292,"stat.pickup.buildcraftfactory.autoworkbench_item":1,"stat.drop.minecraft.bedrock":3,"stat.pickup.projecte.nova_cataclysm":1,"stat.pickup.projecte.item.pe_hyperkinetic_lens":1,"stat.drop.minecraft.obsidian":1,"stat.drop.minecraft.anvil":5,"stat.drop.forestry.farm_mushroom":1,"stat.sprintOneCm":352067,"stat.drop.minecraft.potion":1,"stat.drop.projecte.item.pe_catalitic_lens":1,"stat.drop.projectred-exploration.stone":8,"stat.useItem.minecraft.diamond_pickaxe":1,"stat.useItem.ic2.misc_resource":4,"stat.drop.minecraft.dispenser":1,"stat.drop":186,"stat.pickup.minecraft.stone_button":3,"stat.useItem.advanced_machines.machines":1,"stat.drop.teckle.breaker":1,"stat.drop.contenttweaker.companion_cube":1,"stat.drop.compactsolars.compact_solar_block":1,"stat.drop.forestry.carpenter":1,"stat.drop.buildcraftcompat.pipe_item_propolis":65,"stat.drop.forestry.can":64,"stat.pickup.projecte.alchemical_chest":2,"stat.pickup.minecraft.sign":19,"stat.drop.logisticspipes.module_quick_sort":64,"stat.useItem.projecte.interdiction_torch":4,"stat.pickup.microblockcbe.microblock":2,"stat.drop.advanced_machines.machines":2,"stat.drop.buildcraftsilicon.plug_gate":320,"stat.drop.projecte.dm_pedestal":1,"stat.jump":1353,"stat.pickup.projecte.item.pe_mercurial_eye":1,"stat.drop.buildcrafttransport.pipe_gold_power":1,"stat.drop.projecte.item.pe_body_stone":1,"stat.useItem.projecte.item.pe_philosophers_stone":15,"stat.drop.buildcraftbuilders.builder":1,"stat.useItem.projectred-integration.gate":77,"stat.pickup.ic2.crafting":103,"stat.useItem.minecraft.stone_button":1,"stat.drop.minecraft.piston":1,"stat.drop.projecte.collector_mk3":1,"stat.drop.minecraft.dragon_egg":4,"stat.useItem.projecte.item.pe_mercurial_eye":13,"stat.damageTaken":240,"stat.useItem.minecraft.gold_block":9,"stat.pickup.minecraft.oak_stairs":1,"stat.damageDealt":20,"stat.drop.forestry.bee_princess_ge":6,"stat.drop.forestry.engine_generator":1,"stat.drop.questutils.pedestal":1,"stat.useItem.minecraft.command_block":7,"stat.walkOneCm":680407,"stat.pickup.minecraft.stick":2,"stat.useItem.minecraft.pumpkin":1,"stat.drop.projectred-expansion.solar_panel":1,"stat.pickup.buildcrafttransport.pipe_wood_item":2,"stat.useItem.minecraft.lava_bucket":1,"stat.pickup.buildcraftfactory.distiller":4,"stat.drop.projecte.item.pe_volcanite_amulet":1,"stat.pickup.retrocomputers.screwdriver":1,"stat.drop.projecte.item.pe_life_stone":1,"stat.pickup.minecraft.tnt":1,"stat.pickup.projecte.transmutation_table":1,"stat.drop.projecte.item.pe_rm_katar":1,"stat.useItem.projectred-illumination.cage_lamp":14,"stat.craftItem.retrocomputers.ribbon_cable":12,"stat.pickup.forestry.scoop":1,"stat.drop.minecraft.crafting_table":1,"stat.drop.minecraft.clock":1,"stat.drop.logisticspipes.pipe_fluid_supplier_mk2":192,"stat.pickup.minecraft.torch":20,"stat.pickup.forestry.engine_biogas":2,"stat.drop.forestry.still":1,"stat.pickup.projecte.nova_catalyst":1,"stat.pickup.ftbquests.book":48,"stat.drop.enderstorage.ender_storage":2}