{
    "variants": {
        "normal": [
            { "model": "netherrack", "weight": 20 },
            { "model": "netherrack", "x": 90, "weight": 20 },
            { "model": "netherrack", "x": 180, "weight": 20 },
            { "model": "netherrack", "x": 270, "weight": 20 },
            { "model": "netherrack", "y": 90, "weight": 20 },
            { "model": "netherrack", "y": 90, "x": 90, "weight": 20 },
            { "model": "netherrack", "y": 90, "x": 180, "weight": 20 },
            { "model": "netherrack", "y": 90, "x": 270, "weight": 20 },
            { "model": "netherrack", "y": 180, "weight": 20 },
            { "model": "netherrack", "y": 180, "x": 90, "weight": 20 },
            { "model": "netherrack", "y": 180, "x": 180, "weight": 20 },
            { "model": "netherrack", "y": 180, "x": 270, "weight": 20 },
            { "model": "netherrack", "y": 270, "weight": 20 },
            { "model": "netherrack", "y": 270, "x": 90, "weight": 20 },
            { "model": "netherrack", "y": 270, "x": 180, "weight": 20 },
            { "model": "netherrack", "y": 270, "x": 270, "weight": 20 },
			
			{ "model": "unity:netherrack_alt", "weight": 10 },
            { "model": "unity:netherrack_alt", "x": 90, "weight": 10 },
            { "model": "unity:netherrack_alt", "x": 180, "weight": 10 },
            { "model": "unity:netherrack_alt", "x": 270, "weight": 10 },
            { "model": "unity:netherrack_alt", "y": 90, "weight": 10 },
            { "model": "unity:netherrack_alt", "y": 90, "x": 90, "weight": 10 },
            { "model": "unity:netherrack_alt", "y": 90, "x": 180, "weight": 10 },
            { "model": "unity:netherrack_alt", "y": 90, "x": 270, "weight": 10 },
            { "model": "unity:netherrack_alt", "y": 180, "weight": 10 },
            { "model": "unity:netherrack_alt", "y": 180, "x": 90, "weight": 10 },
            { "model": "unity:netherrack_alt", "y": 180, "x": 180, "weight": 10 },
            { "model": "unity:netherrack_alt", "y": 180, "x": 270, "weight": 10 },
            { "model": "unity:netherrack_alt", "y": 270, "weight": 10 },
            { "model": "unity:netherrack_alt", "y": 270, "x": 90, "weight": 10 },
            { "model": "unity:netherrack_alt", "y": 270, "x": 180, "weight": 10 },
            { "model": "unity:netherrack_alt", "y": 270, "x": 270, "weight": 10 },
			
			{ "model": "unity:netherrack_alt2", "weight": 10 },
            { "model": "unity:netherrack_alt2", "x": 90, "weight": 10 },
            { "model": "unity:netherrack_alt2", "x": 180, "weight": 10 },
            { "model": "unity:netherrack_alt2", "x": 270, "weight": 10 },
            { "model": "unity:netherrack_alt2", "y": 90, "weight": 10 },
            { "model": "unity:netherrack_alt2", "y": 90, "x": 90, "weight": 10 },
            { "model": "unity:netherrack_alt2", "y": 90, "x": 180, "weight": 10 },
            { "model": "unity:netherrack_alt2", "y": 90, "x": 270, "weight": 10 },
            { "model": "unity:netherrack_alt2", "y": 180, "weight": 10 },
            { "model": "unity:netherrack_alt2", "y": 180, "x": 90, "weight": 10 },
            { "model": "unity:netherrack_alt2", "y": 180, "x": 180, "weight": 10 },
            { "model": "unity:netherrack_alt2", "y": 180, "x": 270, "weight": 10 },
            { "model": "unity:netherrack_alt2", "y": 270, "weight": 10 },
            { "model": "unity:netherrack_alt2", "y": 270, "x": 90, "weight": 10 },
            { "model": "unity:netherrack_alt2", "y": 270, "x": 180, "weight": 10 },
            { "model": "unity:netherrack_alt2", "y": 270, "x": 270, "weight": 10 },
			
			{ "model": "unity:netherrack_alt3", "weight": 1 },
            { "model": "unity:netherrack_alt3", "x": 90, "weight": 1 },
            { "model": "unity:netherrack_alt3", "x": 180, "weight": 1 },
            { "model": "unity:netherrack_alt3", "x": 270, "weight": 1 },
            { "model": "unity:netherrack_alt3", "y": 90, "weight": 1 },
            { "model": "unity:netherrack_alt3", "y": 90, "x": 90, "weight": 1 },
            { "model": "unity:netherrack_alt3", "y": 90, "x": 180, "weight": 1 },
            { "model": "unity:netherrack_alt3", "y": 90, "x": 270, "weight": 1 },
            { "model": "unity:netherrack_alt3", "y": 180, "weight": 1 },
            { "model": "unity:netherrack_alt3", "y": 180, "x": 90, "weight": 1 },
            { "model": "unity:netherrack_alt3", "y": 180, "x": 180, "weight": 1 },
            { "model": "unity:netherrack_alt3", "y": 180, "x": 270, "weight": 1 },
            { "model": "unity:netherrack_alt3", "y": 270, "weight": 1 },
            { "model": "unity:netherrack_alt3", "y": 270, "x": 90, "weight": 1 },
            { "model": "unity:netherrack_alt3", "y": 270, "x": 180, "weight": 1 },
            { "model": "unity:netherrack_alt3", "y": 270, "x": 270, "weight": 1 }
        ]
    }
}
