
{
  "variants": {
    "normal": [
      { "model": "obsidian", "weight": 45 },
      { "model": "obsidian", "weight": 45, "y": 180 },
	  { "model": "unity:obsidian_full", "weight": 15 },
      { "model": "unity:obsidian_full", "weight": 25, "y": 180 },
	  { "model": "unity:obsidian_shifted", "weight": 10 },
      { "model": "unity:obsidian_shifted", "weight": 25, "y": 180 },
	  { "model": "unity:obsidian_cracked", "weight": 5 },
      { "model": "unity:obsidian_cracked", "weight": 8, "y": 180 }
    ]
  }
}