{
  "entries": [
    {
      "item": "ic2:itemmisc|180",
      "emc": 4096
    },
    {
      "item": "contenttweaker:oil_bucket|0",
      "emc": 2186
    },
    {
      "item": "forge:bucketfilled|0",
      "emc": 0
    },
    {
      "item": "teckle:nikolite|0",
      "emc": 128
    },
    {
      "item": "tombstone:grave_dust|0",
      "emc": 128
    },
    {
      "item": "projectred-exploration:stone|3",
      "emc": 1
    },
    {
      "item": "projectred-exploration:stone|0",
      "emc": 1
    },
    {
      "item": "projectred-exploration:stone|2",
      "emc": 1
    },
    {
      "item": "ic2:resource|4",
      "emc": 0
    },
    {
      "item": "forestry:apatite|0",
      "emc": 128
    },
    {
      "item": "projectex:knowledge_sharing_book|0",
      "emc": 0
    }
  ]
}